Number,Name,View
A-000,COVER SHEET,
A-100,LEVEL 01 PLAN,PLN_01
A-101,LEVEL 02 PLAN,PLN_02
A-102,LEVEL 03 PLAN,PLN_03
A-103,LEVEL 04 PLAN,PLN_04
A-104,LEVEL 05 PLAN,PLN_05
A-105,ROOF PLAN,PLN_ROOF
A-200,LEVEL 01 RCP,RCP_01
A-201,LEVEL 02 RCP,RCP_02
A-202,LEVEL 03 RCP,RCP_03
A-203,LEVEL 04 RCP,RCP_04
A-204,LEVEL 05 RCP,RCP_05
A-300,ELEVATION,ELE_01
A-301,ELEVATION,ELE_02
A-302,ELEVATION,ELE_03
A-303,ELEVATION,ELE_04
A-400,SECTIONS,
A-401,SECTIONS,
A-500,ROOM SCHEDULE,
A-501,DOOR SCHEDULE,
